,baseMean,log2FoldChange,lfcSE,stat,pvalue,padj
AT1G01200,14.11108034,-7.313562419,2.350321585,-3.111728397,0.001859955,0.010780012
AT1G01225,13.1708484,-7.225014081,2.213516926,-3.264042844,0.001098346,0.006900221
AT1G01570,15.30972715,-5.252659376,1.959583153,-2.680498333,0.007351263,0.03409569
AT1G02705,81.76539291,-2.502974924,0.895951066,-2.793651372,0.005211663,0.025763514
AT1G03120,10.19601124,-6.854039702,2.326787992,-2.94570873,0.003222157,0.017189598
AT1G03165,14.3082224,-7.336871797,2.064834252,-3.553249754,0.000380503,0.002772113
AT1G03410,109.6944315,-2.246617566,0.725243237,-3.097743559,0.001950001,0.011224168
AT1G03540,27.12449614,-3.501614271,1.19191528,-2.937804667,0.003305452,0.017575752
AT1G04640,90.06088943,-2.563131759,0.673398914,-3.80626061,0.000141084,0.001158171
AT1G04710,62.41800018,-2.991119239,1.021284233,-2.928782354,0.003402926,0.017974622
AT1G04760,23.333917,-4.193057054,1.320339198,-3.175742309,0.001494536,0.00897633
AT1G04770,62.3911764,-3.119380816,0.968075203,-3.222250508,0.001271879,0.007851547
AT1G05590,56.62017431,-2.952020035,0.776087008,-3.803723044,0.000142538,0.00116797
AT1G06475,45.52910341,-9.012253855,1.634663321,-5.513217149,3.52E-08,5.54E-07
AT1G07410,9.222355867,-6.702631264,2.408349477,-2.783080831,0.005384539,0.026425703
AT1G07440,123.706625,-2.757378488,0.691169731,-3.989437565,6.62E-05,0.000586114
AT1G07870,56.13599503,-2.453308255,0.962101713,-2.549946875,0.010773934,0.04659103
AT1G08125,55.18776292,-2.218867328,0.869477456,-2.551954983,0.010712036,0.046396324
AT1G08210,66.75226534,-2.314583903,0.750132643,-3.085566167,0.00203165,0.011614257
AT1G08390,22.22659879,-6.873839624,1.852813274,-3.709947311,0.000207302,0.001622674
AT1G08400,42.5902025,-4.182830897,0.979287399,-4.271300643,1.94E-05,0.000196732
AT1G08560,137.6244255,-2.728428953,0.562419894,-4.851231225,1.23E-06,1.55E-05
AT1G08660,104.0980486,-2.253774262,0.680802945,-3.310464914,0.000931411,0.005993917
AT1G08880,281.0161898,-2.162823781,0.37970782,-5.696021165,1.23E-08,2.07E-07
AT1G09200,161.7268495,-2.394140286,0.819207432,-2.922508015,0.003472247,0.018295595
AT1G09240,39.88130735,-8.819451381,1.547111424,-5.700592242,1.19E-08,2.02E-07
AT1G09460,184.8920405,-2.100923314,0.528083771,-3.978390229,6.94E-05,0.000611489
AT1G09470,25.95200031,-8.198285471,1.74190919,-4.706494183,2.52E-06,3.04E-05
AT1G10240,35.67163272,-3.510705793,0.948422508,-3.701626399,0.000214222,0.00166937
AT1G10460,8.062031644,-6.510476577,2.521810599,-2.581667544,0.009832425,0.043347348
AT1G10470,338.3708102,-2.039228814,0.446695392,-4.565144057,4.99E-06,5.73E-05
AT1G10657,80.2815853,-2.576865351,0.984117702,-2.618452393,0.008832962,0.039779327
AT1G10750,44.64107214,-4.507564284,1.282601171,-3.514392771,0.000440761,0.003136325
AT1G10810,21.5912173,-5.63155838,1.733007207,-3.249587398,0.001155726,0.007217848
AT1G10960,916.8114963,-2.060802222,0.343141877,-6.005685587,1.91E-09,3.56E-08
AT1G11220,9.257191791,-5.844956199,2.254914097,-2.592097059,0.009539285,0.042303563
AT1G11380,69.87978661,-6.019900399,0.987405615,-6.096684389,1.08E-09,2.08E-08
AT1G11440,102.0308032,-2.143435216,0.670771123,-3.195479268,0.001395988,0.008491129
AT1G12020,56.71886195,-4.187629931,0.944157265,-4.435309757,9.19E-06,9.95E-05
AT1G12300,22.71375662,-5.818112166,1.59217275,-3.654196547,0.000257989,0.001968979
AT1G12450,85.75965745,-2.464503242,0.664577488,-3.708376052,0.000208593,0.001630785
AT1G12550,17.6168569,-5.813738947,1.813842436,-3.205206158,0.001349658,0.008257537
AT1G12730,38.81318445,-3.367577755,0.966172728,-3.485482107,0.000491251,0.003444663
AT1G13640,194.2292069,-2.356515617,0.604509298,-3.898228902,9.69E-05,0.000823447
AT1G14160,22.36922195,-7.986791683,1.810493466,-4.411389399,1.03E-05,0.000110568
AT1G14185,13.35948814,-7.241542214,2.08502588,-3.473118624,0.000514448,0.00357776
AT1G14360,64.8971831,-3.901276287,0.874471055,-4.461298362,8.15E-06,8.91E-05
AT1G14700,113.8728264,-2.257659564,0.82478508,-2.737270132,0.00619514,0.029559755
AT1G14900,94.33292938,-3.158785887,1.135770082,-2.781184271,0.005416098,0.026553506
AT1G15550,22.0166248,-7.959995588,1.815241135,-4.38508991,1.16E-05,0.000123155
AT1G15570,50.64380282,-3.036292771,1.15547797,-2.627737482,0.008595482,0.038910766
AT1G15760,10.76387426,-6.925701259,2.388670606,-2.899395689,0.003738827,0.019492131
AT1G15970,98.89446421,-2.314839559,0.653584534,-3.541759999,0.000397467,0.002876107
AT1G16040,29.70102712,-5.243388604,1.459188202,-3.593360059,0.000326441,0.002425062
AT1G16340,51.55642629,-3.309746183,0.95179789,-3.477362388,0.000506373,0.003532681
AT1G16570,43.38065385,-2.552476552,0.876985219,-2.910512625,0.003608364,0.01891443
AT1G16790,25.62594287,-5.697884953,1.503479548,-3.789798776,0.000150769,0.001227065
AT1G17090,20.24425518,-4.310654444,1.449577115,-2.973732407,0.002942015,0.015902249
AT1G17100,230.3578392,-2.422684288,0.474924213,-5.101201877,3.38E-07,4.66E-06
AT1G17350,32.80597544,-3.401174401,1.289561601,-2.63746563,0.008352809,0.037999259
AT1G18250,109.5439797,-2.401838633,0.73309391,-3.276304168,0.001051752,0.006643954
AT1G18400,57.38049027,-4.145455182,1.071314909,-3.869501999,0.000109058,0.000917459
AT1G18610,57.64150286,-4.031283764,1.015382553,-3.970211771,7.18E-05,0.000630842
AT1G19510,69.59045743,-9.621151373,1.425218517,-6.750649992,1.47E-11,3.44E-10
AT1G19680,70.36197646,-3.043835369,0.934603454,-3.256820159,0.001126678,0.007057044
AT1G20070,18.02706513,-5.203959963,1.58375032,-3.285846195,0.001016765,0.006458975
AT1G20530,56.69277382,-4.842582425,1.178757456,-4.108209371,3.99E-05,0.000374229
AT1G20540,62.71968674,-2.602576042,0.941145081,-2.765329272,0.005686536,0.027528786
AT1G21360,10.83059396,-6.058155605,2.1559585,-2.809959285,0.004954777,0.024700736
AT1G21410,31.66113312,-3.315693903,1.240246487,-2.673415274,0.007508324,0.034706344
AT1G21710,34.29554502,-5.112688722,1.762167451,-2.901363726,0.003715423,0.019401647
AT1G21840,16.96656278,-6.468464373,1.970980359,-3.28185126,0.00103128,0.006538233
AT1G22220,22.49130632,-5.207695465,1.718816556,-3.029814581,0.002447039,0.01363654
AT1G22590,41.83079956,-4.812765061,0.988231299,-4.87007957,1.12E-06,1.41E-05
AT1G23090,922.2605286,-2.776498162,0.459003514,-6.048969298,1.46E-09,2.75E-08
AT1G23340,108.3561041,-2.246682081,0.629519272,-3.568885309,0.000358503,0.002630756
AT1G23880,22.8483392,-4.555866351,1.568858207,-2.903937609,0.003685016,0.019258535
AT1G24450,26.38100809,-5.483525188,1.551278599,-3.534842284,0.000408019,0.0029381
AT1G25250,32.62088546,-7.499046489,1.53320528,-4.891090963,1.00E-06,1.28E-05
AT1G25375,26.59845766,-4.302291242,1.494137428,-2.879448142,0.003983718,0.020518025
AT1G25480,21.62891015,-5.744196884,1.699306587,-3.380318142,0.00072402,0.004797222
AT1G26190,78.48797553,-2.094515039,0.773609421,-2.707458029,0.006780064,0.031845456
AT1G26220,69.67421282,-3.872837262,1.250654591,-3.096648179,0.00195722,0.011255624
AT1G27660,181.689055,-2.033379646,0.58424447,-3.48035754,0.000500745,0.00349849
AT1G28230,8.797150912,-6.642395242,2.586439208,-2.568162136,0.010223932,0.044664151
AT1G29260,129.0108151,-2.324498016,0.740914119,-3.137337995,0.001704895,0.010023156
AT1G29450,12.42803725,-7.131148962,2.221092086,-3.210649845,0.001324352,0.008124035
AT1G29660,26.92836287,-3.903443304,1.112247228,-3.509510482,0.000448932,0.003186405
AT1G29980,68.41260921,-2.193223636,0.754197198,-2.908024109,0.003637203,0.019050036
AT1G30545,27.51402283,-3.93467696,1.193673672,-3.296275232,0.00097976,0.006263174
AT1G31320,23.48695684,-3.138430568,1.160440043,-2.704517642,0.006840364,0.032089525
AT1G31770,88.35814208,-3.932917332,0.92004742,-4.27468981,1.91E-05,0.000194619
AT1G32450,149.9983099,-4.788647911,0.616417119,-7.768518689,7.94E-15,2.47E-13
AT1G33810,141.8880429,-2.0379687,0.507441616,-4.016163901,5.92E-05,0.000531077
AT1G34010,67.28193684,-3.510682435,1.045084015,-3.359234651,0.000781587,0.005132713
AT1G35460,111.7283042,-2.234178697,0.783972932,-2.849816118,0.004374451,0.022233809
AT1G36390,156.7002062,-2.158436853,0.830458855,-2.599089454,0.009347141,0.041608181
AT1G43710,236.6935263,-2.755545309,0.556488054,-4.951670192,7.36E-07,9.58E-06
AT1G44110,109.6069153,-2.673585586,0.851418916,-3.140152908,0.001688597,0.00994861
AT1G46264,84.52762704,-2.880921429,0.971480115,-2.965497064,0.003021942,0.016283971
AT1G47960,475.0030128,-4.161894396,1.511612189,-2.753281845,0.005900108,0.028412628
AT1G48200,20.67766605,-5.267080641,1.613676492,-3.264025142,0.001098414,0.006900221
AT1G48355,194.0177258,-2.483048676,0.951290859,-2.610188725,0.009049228,0.040572921
AT1G48750,76.77997408,-3.03770669,0.664076914,-4.574329607,4.78E-06,5.50E-05
AT1G49010,174.3131404,-2.531024963,0.695954085,-3.636770037,0.000276078,0.002084721
AT1G49470,222.4142396,-3.28102607,0.583810044,-5.62002333,1.91E-08,3.12E-07
AT1G49475,26.00672135,-7.318854161,1.606331807,-4.556253028,5.21E-06,5.94E-05
AT1G49480,234.6400837,-2.058863345,0.398714866,-5.163748637,2.42E-07,3.42E-06
AT1G49840,112.226175,-3.743128156,0.851228734,-4.397323548,1.10E-05,0.000116997
AT1G49870,51.067043,-3.686800415,0.957441754,-3.85067854,0.000117791,0.000985547
AT1G49990,14.14305039,-7.323724968,2.056456339,-3.561332584,0.000368977,0.002696308
AT1G50120,183.7527143,-2.246821934,0.644266511,-3.487410714,0.000487722,0.003426156
AT1G52340,140.841682,-3.215572166,1.075615126,-2.989519288,0.002794168,0.015209883
AT1G52450,12.13220583,-7.098608438,2.710818617,-2.618621694,0.00882858,0.039768897
AT1G52618,18.32206714,-7.695126719,2.19376011,-3.507733905,0.000451941,0.003202856
AT1G52770,11.55167414,-7.03665555,2.296384177,-3.064232728,0.002182291,0.01234707
AT1G52880,27.48862836,-3.861296953,1.43954145,-2.682310365,0.007311559,0.033952447
AT1G53160,251.2933755,-11.47364527,1.286218474,-8.9204482,4.64E-19,1.98E-17
AT1G53520,69.65915596,-3.441372806,0.999924523,-3.44163257,0.000578215,0.003944313
AT1G53650,72.57657735,-3.710371535,1.075822336,-3.448870143,0.000562937,0.003853278
AT1G54385,36.88946288,-4.93664079,1.210199635,-4.079195406,4.52E-05,0.000416197
AT1G54650,31.47136246,-4.628503512,1.536250458,-3.012857368,0.002588005,0.014306124
AT1G54730,56.75986574,-2.469373859,0.917149684,-2.692443666,0.007093052,0.033097469
AT1G55050,14.01689161,-4.761399071,1.603182231,-2.969967468,0.002978313,0.016075622
AT1G55130,90.90555349,-2.059694764,0.742025287,-2.775774358,0.005507041,0.026923935
AT1G55280,17.56406176,-6.481795052,2.267220953,-2.85891635,0.004250909,0.021697557
AT1G55340,146.34444,-2.928656526,0.686456096,-4.266342079,1.99E-05,0.000200664
AT1G55360,308.4595205,-2.119387518,0.57754294,-3.669662237,0.000242871,0.001869166
AT1G55675,78.74950793,-3.518064127,1.108167245,-3.174668935,0.001500075,0.009000453
AT1G55805,58.57967149,-3.116888256,1.007461577,-3.093803602,0.001976083,0.011333622
AT1G55960,174.5984673,-3.162514672,0.896717559,-3.526767864,0.000420665,0.003014508
AT1G56210,137.3930472,-2.3477304,0.623927635,-3.762824834,0.000168005,0.001353603
AT1G56220,2350.330183,-2.067200701,0.265966331,-7.772414991,7.70E-15,2.40E-13
AT1G56710,18.11452022,-7.684948212,2.154242737,-3.567354821,0.000360603,0.002643571
AT1G57540,16.25267198,-5.775309478,1.753808096,-3.293011072,0.000991206,0.006325838
AT1G57906,26.78910656,-4.803973791,1.402405508,-3.425524048,0.000613615,0.004151443
AT1G58170,30.64352289,-5.245602149,1.490866754,-3.518491599,0.000434008,0.003095138
AT1G58180,125.474242,-2.17439413,0.776832085,-2.79905294,0.005125273,0.025405939
AT1G59540,57.46469113,-2.91425777,1.116959427,-2.60909904,0.009078096,0.040655002
AT1G59700,19.03081401,-4.304619441,1.671415626,-2.575433287,0.010011458,0.044013832
AT1G59840,107.5087576,-3.474375654,0.932517254,-3.725803078,0.000194694,0.001536722
AT1G60000,220.9135182,-2.50522603,0.631779845,-3.965346552,7.33E-05,0.000642676
AT1G61600,145.8296442,-2.808850284,0.906473777,-3.098655865,0.001944007,0.011203067
AT1G61680,20.35949576,-7.853201945,1.911575807,-4.10823464,3.99E-05,0.000374229
AT1G62170,26.57622633,-4.081926961,1.317685721,-3.097800103,0.001949629,0.011224168
AT1G62180,849.9574495,-2.628720874,0.465564663,-5.646306697,1.64E-08,2.72E-07
AT1G62520,24.93132266,-5.93903356,1.5523239,-3.825898422,0.000130296,0.001077293
AT1G62830,79.00651288,-2.611355615,0.891141948,-2.930347539,0.003385831,0.017894144
AT1G62915,17.68920191,-7.647901807,1.947616053,-3.926801587,8.61E-05,0.00074069
AT1G63080,11.2154687,-6.99134713,2.283094285,-3.062224445,0.002196987,0.012419265
AT1G63480,78.11952683,-2.545426035,0.747865462,-3.403588164,0.000665069,0.004446425
AT1G63855,17.39976031,-4.168449563,1.477045384,-2.822154016,0.004770226,0.023904534
AT1G64150,101.2501869,-2.715549746,0.896891662,-3.027734408,0.002463945,0.013706942
AT1G64450,23.28892291,-8.040011061,1.790855353,-4.489480988,7.14E-06,7.91E-05
AT1G64455,9.054399612,-6.682967459,2.403520638,-2.780490982,0.005427677,0.026589952
AT1G64583,9.078941907,-5.803303702,2.257617187,-2.570543728,0.010153901,0.044479888
AT1G66130,76.90580749,-4.312487845,0.966159584,-4.463535751,8.06E-06,8.84E-05
AT1G66840,175.1704766,-2.044019444,0.723522641,-2.825093963,0.004726675,0.023710984
AT1G66890,83.58059384,-3.528460318,1.005352495,-3.509674803,0.000448655,0.003186405
AT1G67080,156.1768643,-2.855927894,0.626003873,-4.562156907,5.06E-06,5.80E-05
AT1G67690,56.12121625,-2.102076405,0.774030906,-2.715752546,0.006612532,0.031195593
AT1G67910,85.10806275,-2.893488771,0.909567293,-3.181170642,0.001466812,0.008839448
AT1G68220,98.74883534,-3.471739966,0.787869752,-4.406489721,1.05E-05,0.000112594
AT1G68520,1254.732607,-2.987053035,0.387723421,-7.70408202,1.32E-14,4.01E-13
AT1G68600,34.25087744,-4.118325761,1.523653879,-2.702927364,0.006873176,0.032204211
AT1G69040,366.4793261,-2.050068268,0.48427074,-4.233310206,2.30E-05,0.000228826
AT1G69170,31.99205625,-3.517699028,0.992068597,-3.545822373,0.00039139,0.002838536
AT1G69200,132.8896449,-2.105953927,0.704968584,-2.987301809,0.002814517,0.015311992
AT1G69360,124.3608294,-2.677445716,0.770681385,-3.474127918,0.000512517,0.003567783
AT1G69400,16.86466517,-6.696400796,1.818158163,-3.683068356,0.000230443,0.001783504
AT1G69570,161.3239172,-3.09234152,0.557677529,-5.545035182,2.94E-08,4.69E-07
AT1G70150,28.4149782,-3.754796735,1.289074157,-2.912785673,0.003582204,0.018792657
AT1G70470,157.7326216,-2.595528613,0.481082992,-5.395178499,6.85E-08,1.04E-06
AT1G70475,132.6969616,-2.754801501,0.568208695,-4.848221307,1.25E-06,1.57E-05
AT1G71050,79.39861597,-2.753775875,1.076451547,-2.558197704,0.010521626,0.045756947
AT1G71340,78.26816891,-2.366393125,0.935809546,-2.528712316,0.011448182,0.049033068
AT1G71970,49.82471297,-3.126950127,1.123534892,-2.783135752,0.005383628,0.026425703
AT1G72030,47.76426182,-3.724798218,1.464407549,-2.543553001,0.010973141,0.047293107
AT1G72190,40.69179073,-5.150528276,1.082341455,-4.758690756,1.95E-06,2.40E-05
AT1G72416,141.9268895,-2.589761728,0.604204736,-4.286232091,1.82E-05,0.000185271
AT1G72630,104.0559165,-2.999291739,0.705903955,-4.2488666,2.15E-05,0.000215842
AT1G73640,14.42689815,-7.351012358,2.567965296,-2.862582438,0.004202039,0.021488006
AT1G73830,143.6772021,-4.966969843,0.778251263,-6.382218801,1.75E-10,3.61E-09
AT1G74530,101.3299526,-3.604197816,0.834741193,-4.317742847,1.58E-05,0.000162339
AT1G74880,168.9251067,-2.041718409,0.70163153,-2.909958177,0.003614771,0.018942858
AT1G74890,19.97617528,-7.825132779,1.882732499,-4.15626372,3.23E-05,0.000310245
AT1G75340,120.0984152,-2.804262276,0.611548167,-4.585513341,4.53E-06,5.23E-05
AT1G75590,12.73743698,-7.176541969,2.27377176,-3.156227945,0.001598239,0.009503523
AT1G75750,483.1468967,-3.256754592,0.312892897,-10.40852834,2.27E-25,1.40E-23
AT1G76310,73.46438796,-3.896569765,1.093535361,-3.563277335,0.000366253,0.002679455
AT1G76405,59.79281128,-3.738700079,1.30749758,-2.859431739,0.004244007,0.021673827
AT1G76800,168.0978622,-3.762127579,0.740790498,-5.078531094,3.80E-07,5.20E-06
AT1G76870,83.1338989,-4.381162752,0.948179539,-4.620604613,3.83E-06,4.49E-05
AT1G76952,13.42794167,-7.251234272,2.602000457,-2.786792082,0.005323262,0.026191756
AT1G77090,84.57350995,-2.187386373,0.830019388,-2.635343709,0.008405212,0.038201541
AT1G77110,82.08278301,-3.611068924,0.94210471,-3.832980438,0.0001266,0.001051704
AT1G77400,14.54654469,-6.252171715,1.905883576,-3.280458362,0.001036386,0.006561957
AT1G77990,208.3801614,-2.28697244,0.493610838,-4.633148761,3.60E-06,4.25E-05
AT1G78020,1499.908249,-2.143186297,0.337450954,-6.351104563,2.14E-10,4.39E-09
AT1G78090,60.66430888,-3.704874249,1.223081994,-3.029129908,0.002452592,0.013661554
AT1G78100,166.1347636,-2.264836785,0.547160601,-4.139254142,3.48E-05,0.000331851
AT1G78290,18.41603707,-5.556572808,1.584855872,-3.506042982,0.000454822,0.003220565
AT1G78320,28.12098016,-5.169607117,1.305533956,-3.95976458,7.50E-05,0.000655793
AT1G78510,110.011046,-2.346559892,0.63030142,-3.722917032,0.000196934,0.001551613
AT1G79110,437.8497472,-2.024514416,0.348489974,-5.809390706,6.27E-09,1.11E-07
AT1G79260,20.09823327,-5.311080839,1.58361836,-3.353763111,0.000797206,0.005222811
AT1G79700,162.7040857,-2.543852886,0.769952045,-3.303910813,0.000953462,0.006121491
AT1G79720,74.24210989,-3.568653682,1.169648694,-3.051047465,0.002280445,0.012815769
AT1G79820,69.38680752,-4.790621909,0.978168494,-4.897542643,9.70E-07,1.24E-05
AT1G79840,197.4752653,-2.403312102,0.532827625,-4.510487045,6.47E-06,7.24E-05
AT1G80690,173.0963692,-4.710404052,1.665636274,-2.827990796,0.004684115,0.023522007
AT1G80700,8.496229356,-6.592409451,2.466744967,-2.672513591,0.007528532,0.034767081
AT1G80870,172.3149546,-2.709838527,0.968463234,-2.79808095,0.005140723,0.025469403
AT1G80970,14.37147849,-6.220688428,1.939858419,-3.206774457,0.001342322,0.008215266
AT2G01050,401.2556491,-5.856447996,1.556053677,-3.763654225,0.000167448,0.001349684
AT2G01150,2051.998273,-5.587547548,1.3940705,-4.008081045,6.12E-05,0.000547259
AT2G01310,325.8079115,-6.700896533,1.541049468,-4.34826829,1.37E-05,0.000143307
AT2G01510,39.14170667,-3.721606015,1.140378087,-3.263484329,0.001100513,0.006911148
AT2G01520,308.8609414,-3.165151071,0.851432372,-3.717442716,0.00020125,0.001581083
AT2G01755,80.88999571,-3.754713187,0.829748896,-4.525119837,6.04E-06,6.80E-05
AT2G01913,40.10378946,-3.645312686,1.371803862,-2.657313327,0.00787662,0.036174941
AT2G01918,19.0895147,-6.018028533,1.740165724,-3.458307707,0.00054358,0.003751463
AT2G02710,219.8974928,-2.246801218,0.592523316,-3.79192035,0.000149487,0.001218172
AT2G03310,100.2035584,-2.22480547,0.687079406,-3.238061641,0.001203448,0.007489159
AT2G04530,40.54486041,-2.880939609,1.110188639,-2.595000082,0.00945909,0.042038457
AT2G04795,46.18873773,-3.108743953,1.172570269,-2.651221881,0.008020113,0.03673754
AT2G05160,90.19412916,-2.125142197,0.763349368,-2.783970599,0.00536979,0.026380225
AT2G05210,150.2092069,-2.180051127,0.768167081,-2.837990823,0.004539849,0.022893112
AT2G05310,269.5432372,-2.201496042,0.477773217,-4.607826404,4.07E-06,4.75E-05
AT2G07774,12.6686469,-5.384069072,1.923452274,-2.799169569,0.005123422,0.025403306
AT2G10931,18.83721955,-7.73639263,1.871923146,-4.132858043,3.58E-05,0.000340048
AT2G12462,11.62481192,-6.16580361,2.017735818,-3.055803221,0.002244585,0.012640075
AT2G13690,110.3270026,-2.750815166,0.790812415,-3.47846735,0.00050429,0.003520701
AT2G13840,12.79902407,-7.179736258,2.126161537,-3.376853609,0.000733201,0.004849706
AT2G15830,61.98580399,-2.225455207,0.810139579,-2.747002203,0.006014273,0.02888643
AT2G17210,15.33972079,-6.305446536,2.049696355,-3.076283236,0.002095986,0.011950103
AT2G17620,24.36849909,-8.103478065,1.918353168,-4.224184681,2.40E-05,0.000237683
AT2G18160,299.1428473,-2.079561479,0.727791456,-2.857359015,0.004271824,0.021792754
AT2G18560,96.57368705,-2.241860647,0.621482931,-3.607276301,0.000309428,0.002308478
AT2G19570,131.5268143,-2.71668596,0.599797903,-4.52933554,5.92E-06,6.68E-05
AT2G19620,83.4981368,-3.302595502,0.950746178,-3.473687907,0.000513358,0.003572346
AT2G20020,142.5087836,-2.314782538,0.754692248,-3.067187378,0.002160834,0.012243663
AT2G20100,134.0424138,-2.392639289,0.693360799,-3.450785353,0.000558958,0.003835587
AT2G21530,303.247379,-2.841974398,0.397318012,-7.152895943,8.50E-13,2.18E-11
AT2G21650,107.2485791,-2.476692035,0.880881396,-2.811606698,0.004929474,0.024593705
AT2G21860,105.9517374,-2.219243887,0.861136187,-2.577111402,0.009962984,0.043822556
AT2G21970,228.5077765,-2.561550478,0.613362395,-4.176243112,2.96E-05,0.00028723
AT2G22122,74.000477,-2.275514675,0.799817818,-2.845041237,0.004440567,0.022497518
AT2G22640,31.89666884,-7.461613418,1.546710098,-4.824183555,1.41E-06,1.76E-05
AT2G23600,455.5202907,-3.232674578,0.478898199,-6.750233318,1.48E-11,3.44E-10
AT2G23610,113.207379,-2.622076767,0.724050784,-3.621398976,0.000293014,0.002193675
AT2G23690,15.28754302,-4.121281011,1.595033614,-2.583820789,0.009771255,0.043151023
AT2G23945,13.50262303,-5.477452317,1.899119827,-2.884205746,0.003924023,0.020281845
AT2G23960,15.63001703,-5.710982404,1.757662449,-3.249191793,0.001157334,0.007225549
AT2G24030,20.55901286,-7.860662775,1.892430929,-4.153738272,3.27E-05,0.000313067
AT2G24150,186.2795427,-2.450058599,0.499626013,-4.903785098,9.40E-07,1.20E-05
AT2G24230,167.3383715,-2.382432607,0.513868286,-4.636270947,3.55E-06,4.19E-05
AT2G24762,413.9560786,-2.322493531,0.487518753,-4.763906041,1.90E-06,2.34E-05
AT2G26680,102.9722508,-2.857669325,0.786298666,-3.634330628,0.000278703,0.002102069
AT2G26760,67.03102148,-2.286539023,0.845036278,-2.70584717,0.006813039,0.031976927
AT2G28070,127.3249238,-2.119654669,0.784367064,-2.702375924,0.006884587,0.032249827
AT2G28305,238.914279,-2.150563469,0.520543748,-4.131378925,3.61E-05,0.000341908
AT2G28350,51.73149489,-4.50903858,1.06998668,-4.214107208,2.51E-05,0.00024639
AT2G28620,151.1327402,-2.125004673,0.839825843,-2.530292072,0.011396761,0.048888982
AT2G28660,125.2824594,-3.084181491,0.757389264,-4.072122006,4.66E-05,0.000427408
AT2G28740,234.9402353,-2.05031281,0.612976471,-3.344847488,0.000823278,0.005378975
AT2G29125,22.89505895,-5.886164123,1.587440201,-3.707959595,0.000208936,0.001632805
AT2G29290,160.1610685,-3.973263037,0.884248414,-4.493378752,7.01E-06,7.79E-05
AT2G29340,46.59400703,-3.208468366,1.006208421,-3.188671749,0.001429281,0.008653202
AT2G30350,30.70849379,-3.131333556,1.237591394,-2.530183688,0.011400283,0.048889309
AT2G31070,201.495669,-2.032325304,0.805995945,-2.5215081,0.011685299,0.049860037
AT2G31560,77.21181555,-4.436994388,1.184321602,-3.746443853,0.000179359,0.001430118
AT2G32010,146.5350731,-2.492432168,0.636740653,-3.914360037,9.06E-05,0.000775432
AT2G32120,17.4245925,-5.885012458,1.663066935,-3.538650389,0.000402178,0.002902559
AT2G32400,74.36343767,-3.499550817,0.804386748,-4.350582384,1.36E-05,0.00014188
AT2G32500,85.71162177,-2.090511348,0.773751605,-2.70178612,0.006896811,0.032290224
AT2G32540,17.12494858,-7.603061275,2.002078201,-3.797584565,0.000146113,0.001193204
AT2G32765,36.23843312,-7.648502473,1.544846218,-4.950979834,7.38E-07,9.61E-06
AT2G33180,63.48382877,-3.208238129,1.124909364,-2.851996998,0.004344551,0.022105186
AT2G33240,40.31368751,-5.077662376,1.192064107,-4.25955479,2.05E-05,0.000206314
AT2G33255,111.6089237,-2.703988578,0.920412631,-2.937800379,0.003305498,0.017575752
AT2G33810,71.50854613,-9.660061168,1.436191372,-6.726165716,1.74E-11,4.03E-10
AT2G34200,38.07643279,-3.644964637,1.183121754,-3.080802652,0.002064434,0.011780679
AT2G34510,150.0230928,-2.393910568,0.505375214,-4.736897463,2.17E-06,2.64E-05
AT2G34925,19.47378855,-6.343056569,1.73433719,-3.657337573,0.000254849,0.001948104
AT2G34980,11.42444975,-5.859921427,2.125959549,-2.75636544,0.005844766,0.028188436
AT2G35140,8.63141759,-5.7340762,2.210431556,-2.594098055,0.009483943,0.042129458
AT2G35660,33.72522965,-3.923227306,1.551658552,-2.528408909,0.011458082,0.04906455
AT2G35830,108.7736398,-2.516794519,0.564473657,-4.458657175,8.25E-06,9.00E-05
AT2G36050,56.14146536,-2.916218628,1.068075255,-2.730349398,0.006326723,0.030083194
AT2G36230,70.0203922,-5.762488293,0.958689175,-6.010799376,1.85E-09,3.45E-08
AT2G37100,12.55845577,-6.002667929,2.199012536,-2.729710646,0.006338994,0.030115057
AT2G37120,100.1073026,-3.85033608,0.716787514,-5.371656178,7.80E-08,1.18E-06
AT2G37240,58.96256941,-3.319461111,0.941444181,-3.525924508,0.000422007,0.003022998
AT2G37320,9.681528835,-6.773159535,2.343330495,-2.89039875,0.003847534,0.01994005
AT2G37450,152.8892077,-2.739712788,0.73793954,-3.712652106,0.000205099,0.001608041
AT2G37460,57.43919367,-3.825078028,1.418687421,-2.696209166,0.007013361,0.032773289
AT2G37470,125.6058303,-2.364939876,0.785931881,-3.009090142,0.002620314,0.014455659
AT2G37650,102.1043109,-2.743578985,1.011131542,-2.713374937,0.00666017,0.031389559
AT2G37678,36.36756032,-4.375920251,1.43434905,-3.050805695,0.002282282,0.012822349
AT2G37790,41.83029218,-5.055482013,1.258868543,-4.015893512,5.92E-05,0.000531415
AT2G37950,26.46786257,-4.921120787,1.434648726,-3.430192143,0.000603154,0.004084978
AT2G38050,31.25579663,-3.481110012,1.138697101,-3.057099214,0.002234903,0.012592919
AT2G38070,21.97754174,-4.357165443,1.693158679,-2.573394624,0.010070631,0.044174909
AT2G38195,13.44588903,-6.125045995,1.955868338,-3.131624903,0.001738418,0.010198438
AT2G38370,85.1261767,-3.334149999,0.962361532,-3.464550369,0.000531119,0.003679976
AT2G38570,32.28773245,-4.457892524,1.382579624,-3.224329684,0.001262679,0.007809786
AT2G38970,234.6856938,-2.253584377,0.800185816,-2.816326322,0.00485763,0.024304565
AT2G39000,49.69578405,-2.084951858,0.815167266,-2.55769821,0.010536749,0.045812366
AT2G39560,16.92828195,-7.585694796,1.968329742,-3.85387399,0.000116263,0.00097382
AT2G39725,16.89902838,-5.83244556,1.669359881,-3.493821569,0.000476159,0.003353498
AT2G39880,24.58185724,-5.669900032,1.598679785,-3.546613953,0.000390216,0.002831501
AT2G40230,10.9729879,-6.962817261,2.367989776,-2.940391607,0.003277977,0.017463187
AT2G40300,197.5957602,-2.198035923,0.646127473,-3.401861113,0.000669286,0.00446841
AT2G40670,62.60453419,-6.861560474,1.245388742,-5.509573231,3.60E-08,5.63E-07
AT2G40815,66.16923916,-3.02129681,0.857417906,-3.523715553,0.000425541,0.003042648
AT2G40860,74.50724794,-3.171408923,0.845125699,-3.752588433,0.000175018,0.001400727
AT2G40960,28.3067609,-3.612713224,1.269609915,-2.845530097,0.004433757,0.02247054
AT2G40970,32.64734833,-8.531108601,1.652545108,-5.162405891,2.44E-07,3.44E-06
AT2G41020,66.51493069,-2.408045602,0.761049006,-3.164113721,0.00155556,0.009281283
AT2G41200,60.92919628,-2.6655644,0.776652223,-3.432120993,0.00059888,0.00406032
AT2G41250,106.5549191,-4.399459181,0.765319414,-5.748526825,9.00E-09,1.56E-07
AT2G41290,9.711091722,-6.775830809,2.578739321,-2.627574937,0.00859959,0.038910766
AT2G41460,19.96848406,-4.543476924,1.439111054,-3.157141285,0.001593241,0.009479663
AT2G42110,21.81963524,-7.946872539,1.814864379,-4.378769361,1.19E-05,0.000126293
AT2G42200,33.29858399,-7.52022004,1.559845218,-4.82113222,1.43E-06,1.78E-05
AT2G42770,84.91340171,-2.632728552,0.949060525,-2.774036515,0.005536546,0.026988044
AT2G42820,48.91045782,-3.163782273,1.056011161,-2.995974276,0.002735695,0.014942298
AT2G42870,21.59134222,-5.814499469,1.714597658,-3.391174274,0.000695938,0.004623894
AT2G42975,20.03446354,-7.827573994,1.844840815,-4.242953609,2.21E-05,0.000220804
AT2G43280,44.68420221,-3.342657838,1.212549384,-2.756718927,0.005838451,0.028165041
AT2G43340,108.8258815,-2.394486227,0.875942442,-2.733611378,0.006264393,0.029853192
AT2G43360,148.8486468,-2.280629978,0.667224973,-3.418082462,0.00063064,0.004248708
AT2G43840,25.83186346,-5.615867215,1.993202994,-2.81750892,0.004839777,0.024221536
AT2G43900,99.02892457,-2.017522057,0.614369311,-3.283891334,0.001023844,0.00649751
AT2G44420,49.90886562,-4.371291464,0.942456033,-4.638191396,3.51E-06,4.15E-05
AT2G44670,296.1014124,-2.358491129,0.434336996,-5.430094946,5.63E-08,8.64E-07
AT2G45200,89.37501376,-2.661450261,0.919604705,-2.894124233,0.003802177,0.019748989
AT2G45350,23.91911008,-7.021772059,1.654583891,-4.24382958,2.20E-05,0.000220057
AT2G45630,19.50927006,-4.384080803,1.460900523,-3.000944098,0.00269144,0.014742411
AT2G46210,32.54832616,-4.701099434,1.548596207,-3.035716743,0.002399647,0.013405377
AT2G46570,117.7652069,-4.309785408,0.831619568,-5.182400194,2.19E-07,3.12E-06
AT2G46660,25.09304176,-7.099093959,1.626323104,-4.365119046,1.27E-05,0.000133635
AT2G46890,43.7681433,-6.760379097,1.297813466,-5.209052978,1.90E-07,2.71E-06
AT2G47360,12.21116257,-7.109224347,2.163572783,-3.285872517,0.00101667,0.006458975
AT2G47920,15.7228165,-7.477225896,1.980383957,-3.775644551,0.000159594,0.001292876
AT3G01440,124.2444617,-2.069184651,0.715172042,-2.893268376,0.003812554,0.019790732
AT3G01740,63.24626698,-2.951761145,0.928428395,-3.179309422,0.001476264,0.008882504
AT3G01940,78.66432753,-3.548828172,0.86632488,-4.096417238,4.20E-05,0.000390538
AT3G02370,62.08750631,-3.100554294,1.055499016,-2.937524571,0.00330844,0.017586535
AT3G02480,19.91038971,-7.814020089,1.876583695,-4.163960345,3.13E-05,0.000300864
AT3G03630,43.95567725,-4.265121439,0.938167792,-4.54622454,5.46E-06,6.21E-05
AT3G03820,16.41556378,-7.54337367,2.067462226,-3.648614991,0.000263658,0.002005884
AT3G03980,50.21076246,-3.488413345,1.24279915,-2.80690033,0.005002072,0.024891384
AT3G04140,22.33929912,-3.915491611,1.42538964,-2.746962305,0.006015005,0.02888643
AT3G04160,51.27174832,-2.356176005,0.910872083,-2.586725456,0.009689276,0.042853673
AT3G04350,120.6037736,-2.000742494,0.59989417,-3.335159089,0.000852506,0.005543594
AT3G04450,17.6380294,-4.236123435,1.630403957,-2.598204829,0.009371258,0.041686611
AT3G04860,19.77234784,-5.023624756,1.710925591,-2.936202944,0.003322569,0.017637287
AT3G05410,117.2199904,-2.595631567,0.588693491,-4.40913923,1.04E-05,0.000111473
AT3G05730,428.6596917,-3.583210564,1.334306458,-2.685447966,0.007243265,0.033700355
AT3G05936,16.16915013,-4.505310875,1.628302113,-2.766876515,0.005659619,0.027426068
AT3G06436,11.84473631,-7.066658599,2.16664584,-3.261566089,0.001107986,0.006953542
AT3G06590,218.7401481,-2.758897151,0.405302436,-6.807008564,9.96E-12,2.36E-10
AT3G06790,57.86708356,-2.00697666,0.768999604,-2.609853957,0.009058088,0.040591018
AT3G06850,116.278331,-2.016915088,0.551830401,-3.654954643,0.000257227,0.001964728
AT3G07190,38.1327452,-3.492997298,1.310719738,-2.664945981,0.007700069,0.035482626
AT3G07640,79.98119962,-2.543234899,0.870469762,-2.921680923,0.00348148,0.018334207
AT3G07650,477.4774631,-2.054530433,0.54168596,-3.792844165,0.000148932,0.001214162
AT3G09050,113.4877924,-2.158149943,0.723329086,-2.983634953,0.002848464,0.015461713
AT3G09162,26.27945153,-5.258743643,1.429298924,-3.679246906,0.000233924,0.001807533
AT3G09580,105.6403797,-2.578877174,0.793410978,-3.250367395,0.00115256,0.007200772
AT3G09600,8.591799459,-6.600832414,2.50258386,-2.637606883,0.008349331,0.037992416
AT3G09980,529.8867954,-2.541051335,0.403383839,-6.29933847,2.99E-10,6.08E-09
AT3G10270,173.6439145,-2.209835357,0.551369045,-4.007906096,6.13E-05,0.000547411
AT3G10520,121.0631208,-2.861693333,0.573553786,-4.989407101,6.06E-07,8.03E-06
AT3G10525,98.99060808,-2.533765514,0.621501308,-4.076846634,4.57E-05,0.00042002
AT3G10527,84.61425216,-2.267438613,0.660198639,-3.434479379,0.000593693,0.004033677
AT3G11110,16.09203908,-7.509299685,1.971411309,-3.809098412,0.000139474,0.001146777
AT3G11290,60.98707698,-3.875433418,1.287042675,-3.011114932,0.002602903,0.014376092
AT3G11470,12.64593234,-6.282330699,1.97963613,-3.173477491,0.001506246,0.009031844
AT3G11520,17.8948763,-7.667202974,1.99379495,-3.845532347,0.000120291,0.001004059
AT3G11640,10.72859037,-6.918399244,2.405011025,-2.876660095,0.004019083,0.02067325
AT3G11750,32.97780862,-8.544539451,1.61595048,-5.287624565,1.24E-07,1.82E-06
AT3G12110,102.6611691,-2.669559835,0.902540874,-2.957827078,0.003098159,0.016639325
AT3G12210,48.77470224,-3.500907014,1.086051525,-3.223518345,0.001266262,0.007826913
AT3G12345,264.9080466,-2.065698693,0.364363484,-5.669335108,1.43E-08,2.40E-07
AT3G12870,20.54753776,-6.777157419,1.767402306,-3.834530144,0.000125805,0.001045547
AT3G13403,8.971163172,-6.670298838,2.409599267,-2.768219151,0.005636354,0.027368452
AT3G14190,52.85045533,-5.45252155,1.431207456,-3.809735287,0.000139116,0.001145294
AT3G14450,41.46978477,-4.413250546,1.441577727,-3.061403117,0.002203023,0.012442424
AT3G14570,507.7955113,-2.112927623,0.326689758,-6.467688601,9.95E-11,2.12E-09
AT3G15450,1690.47397,-2.32004325,0.312504687,-7.424027059,1.14E-13,3.19E-12
AT3G15680,432.9578354,-2.476130795,0.468385102,-5.286527656,1.25E-07,1.83E-06
AT3G15720,28.33030362,-7.451915411,1.781376769,-4.183233745,2.87E-05,0.000279098
AT3G15810,109.9814522,-2.363902666,0.677040349,-3.491524056,0.000480273,0.003378764
AT3G16280,18.66910787,-7.726562179,2.070783263,-3.731226882,0.00019055,0.001507479
AT3G17170,342.4135378,-2.757017255,0.507763053,-5.429731916,5.64E-08,8.65E-07
AT3G17950,70.69983431,-3.525362123,1.037925789,-3.396545457,0.000682422,0.004546647
AT3G18800,29.35600098,-6.177129607,1.472255435,-4.195691496,2.72E-05,0.000265529
AT3G18900,70.77293659,-3.018160863,1.035324538,-2.915183357,0.003554796,0.018669227
AT3G18940,62.61741509,-3.700937089,1.149062986,-3.22083048,0.001278197,0.007877919
AT3G20660,16.85863373,-6.47841942,1.869593495,-3.465148673,0.000529938,0.003675768
AT3G20680,148.7372152,-2.526393754,0.805295078,-3.137227364,0.001705538,0.010023877
AT3G21260,15.34628638,-4.791585006,1.764077589,-2.716198559,0.00660363,0.03117652
AT3G21460,52.76635576,-4.971379512,1.336358455,-3.72009433,0.000199148,0.001567133
AT3G21465,36.1381135,-4.063103005,1.254149432,-3.239727979,0.001196438,0.007449724
AT3G21610,102.1701244,-2.418077273,0.797716228,-3.031249946,0.002435436,0.013583675
AT3G21740,33.04013785,-4.706620746,1.479996175,-3.180157371,0.001471951,0.008863982
AT3G22410,78.90188356,-2.926560289,0.71598462,-4.087462504,4.36E-05,0.000403188
AT3G22680,57.5532674,-4.271629632,1.024164539,-4.17084313,3.03E-05,0.000292796
AT3G23210,32.70287392,-4.231018691,1.524611943,-2.77514466,0.005517716,0.026955583
AT3G23260,9.544953847,-6.750221619,2.458974749,-2.745136615,0.006048571,0.029020739
AT3G23870,10.60673988,-5.493652006,2.173091419,-2.528035387,0.011470279,0.049080819
AT3G24315,61.34808047,-3.158732747,1.095506566,-2.883353551,0.003934656,0.020320432
AT3G25011,8.731996209,-6.623668597,2.449382877,-2.70421936,0.006846508,0.032110521
AT3G25030,75.13357218,-4.327584685,1.026347342,-4.216491347,2.48E-05,0.000244175
AT3G25717,51.33839386,-3.663567114,0.925105208,-3.960162675,7.49E-05,0.000654998
AT3G25980,89.39352869,-2.251889701,0.772343969,-2.915656484,0.003549411,0.01864603
AT3G26450,41.36219544,-3.177088668,0.980578866,-3.240013402,0.001195241,0.007445306
AT3G26490,40.33652611,-2.983757834,1.169745464,-2.550775297,0.01074836,0.046511788
AT3G26750,53.30788935,-8.345985534,1.413777605,-5.903322774,3.56E-09,6.49E-08
AT3G26760,16.29884684,-7.533185576,2.069775445,-3.639614913,0.000273046,0.002068322
AT3G27027,16.93846223,-7.586799763,2.016838415,-3.761729103,0.000168743,0.001358411
AT3G27030,65.84178989,-4.023788885,1.253321088,-3.210501223,0.001325037,0.00812498
AT3G27050,81.39563119,-2.587154324,0.954742671,-2.709792284,0.006732536,0.031660847
AT3G27360,173.0389003,-2.130796452,0.613516481,-3.473087549,0.000514507,0.00357776
AT3G28080,125.770847,-3.251417069,0.687488411,-4.72941364,2.25E-06,2.73E-05
AT3G28455,48.7070004,-2.417737559,0.951087935,-2.542075732,0.011019629,0.047461586
AT3G28740,76.66444694,-3.630478593,1.326152452,-2.737602746,0.006188878,0.029552041
AT3G29130,90.81943065,-2.329342562,0.774833022,-3.00625102,0.002644906,0.014562112
AT3G29185,218.6300341,-3.515893145,0.445331405,-7.895003821,2.90E-15,9.33E-14
AT3G29280,30.46808708,-8.426472524,1.718073457,-4.904605497,9.36E-07,1.20E-05
AT3G29670,267.1120834,-2.170570452,0.43670216,-4.970368024,6.68E-07,8.79E-06
AT3G42150,94.56149991,-2.361375285,0.638992532,-3.695466171,0.000219484,0.001707608
AT3G42630,91.90972054,-2.290519242,0.856716459,-2.673602471,0.007504135,0.034696033
AT3G43430,118.8306103,-3.052707759,0.614245173,-4.969852253,6.70E-07,8.81E-06
AT3G45230,45.11954648,-3.789883387,1.099027276,-3.448397932,0.000563923,0.00385865
AT3G45590,16.6871291,-7.564752282,2.022702522,-3.739923296,0.000184076,0.001463487
AT3G45851,21.42047517,-4.639130863,1.529881048,-3.03234743,0.002426597,0.013538303
AT3G45930,112.1559676,-2.26287596,0.736460552,-3.072637027,0.002121764,0.01207204
AT3G46130,122.3977075,-2.004841008,0.773121903,-2.593175799,0.009509415,0.042203647
AT3G47430,43.66089183,-7.012868613,1.353631218,-5.18078227,2.21E-07,3.14E-06
AT3G47590,38.03820611,-4.15677929,1.135855864,-3.659601032,0.000252608,0.001933282
AT3G48185,81.39846729,-2.209310979,0.779856782,-2.832970144,0.004611769,0.023209178
AT3G48500,297.1349197,-2.273917009,0.661437594,-3.437840588,0.000586373,0.003988164
AT3G48580,29.12012579,-4.997389089,1.547382916,-3.229574941,0.001239744,0.00768769
AT3G48740,4512.909192,-2.442946746,0.282946927,-8.63393985,5.93E-18,2.38E-16
AT3G48970,35.36134503,-8.643802419,1.617377208,-5.34433302,9.08E-08,1.36E-06
AT3G49470,357.4210696,-2.140845335,0.462895646,-4.624898404,3.75E-06,4.40E-05
AT3G50420,26.82255172,-2.76657227,1.048021927,-2.639803803,0.008295404,0.037782756
AT3G50630,99.15340131,-4.211703059,0.923359942,-4.561279809,5.08E-06,5.82E-05
AT3G50780,211.9260055,-2.535880506,0.632891738,-4.006815626,6.15E-05,0.000549433
AT3G50810,25.25992908,-7.101466144,1.642807768,-4.322761484,1.54E-05,0.000159114
AT3G50920,31.52079195,-2.670846995,1.014248218,-2.633326781,0.008455295,0.038367344
AT3G51080,16.02883933,-5.752092973,2.262214712,-2.542682152,0.011000525,0.047400515
AT3G51610,54.43405845,-3.39771424,0.873751111,-3.888652269,0.000100802,0.00085248
AT3G51870,87.28469422,-3.269127933,1.119664071,-2.919739963,0.003503236,0.018433647
AT3G52070,51.69205391,-4.877824391,0.992882447,-4.912791445,8.98E-07,1.15E-05
AT3G52075,17.55349444,-7.629286542,2.408241178,-3.167991068,0.001534962,0.009172603
AT3G52770,34.29916643,-4.73705169,1.736006698,-2.728705883,0.006358339,0.030188777
AT3G53470,59.88672151,-2.955606873,0.905096524,-3.265515659,0.00109265,0.00687298
AT3G53700,170.0527719,-2.095468949,0.53397398,-3.92429037,8.70E-05,0.000747123
AT3G54090,162.6712499,-2.332708488,0.523013118,-4.4601338,8.19E-06,8.94E-05
AT3G54250,66.5152879,-3.320178124,1.163652339,-2.853238903,0.004327607,0.022036452
AT3G55170,80.92036993,-2.560511855,0.956444239,-2.677115665,0.007425899,0.034392135
AT3G55490,13.2412565,-6.108769424,1.944176873,-3.142085223,0.001677492,0.009889239
AT3G55630,299.1995123,-2.472992228,0.430813816,-5.740280693,9.45E-09,1.63E-07
AT3G56090,544.7953401,-2.126663988,0.468551731,-4.538802966,5.66E-06,6.41E-05
AT3G56260,12.86431361,-5.076473811,1.988993157,-2.552283196,0.010701949,0.04636307
AT3G56300,10.80174356,-5.527682835,2.178251279,-2.53766996,0.011159317,0.047966621
AT3G56620,102.6322807,-3.252343472,0.974406779,-3.337767698,0.000844543,0.005499245
AT3G56730,17.11820623,-6.156635932,1.783205361,-3.452566972,0.00055528,0.003821245
AT3G57140,28.37262521,-4.431781646,1.271353432,-3.485876968,0.000490527,0.003440836
AT3G57190,86.23750494,-3.126747626,1.14849213,-2.722480671,0.006479382,0.030672654
AT3G57350,55.72747692,-3.178500565,1.051168395,-3.023778665,0.00249639,0.013867393
AT3G57500,9.227251427,-6.712907766,2.458926845,-2.730015242,0.00633314,0.030098833
AT3G57780,16.78221527,-4.308809153,1.505041465,-2.862917237,0.004197602,0.021476726
AT3G58000,29.34713186,-8.374385232,1.683215292,-4.975231198,6.52E-07,8.60E-06
AT3G58470,60.48924516,-3.132798928,1.191717812,-2.628809351,0.008568438,0.038824223
AT3G59420,16.83872112,-6.706266961,2.100531993,-3.192651664,0.001409729,0.008559767
AT3G59430,13.19611951,-7.228430418,2.314972171,-3.122469682,0.001793406,0.010447783
AT3G60390,37.6464496,-5.000844989,1.144512592,-4.369410197,1.25E-05,0.000131252
AT3G60620,105.8000555,-2.552251018,0.665955875,-3.832462651,0.000126867,0.001053466
AT3G60630,189.5029964,-2.813517124,0.494330859,-5.691566836,1.26E-08,2.13E-07
AT3G61113,28.40989991,-4.141638453,1.48669804,-2.785796673,0.005339635,0.02624548
AT3G61310,117.0163263,-2.32593406,0.659971162,-3.524296504,0.000424609,0.003037113
AT3G62100,13.15805138,-7.222070514,2.610172973,-2.766893455,0.005659325,0.027426068
AT3G62390,39.29837797,-4.578882634,1.210427455,-3.782864155,0.000155034,0.001258581
AT3G62470,22.57306655,-5.889105274,1.675294479,-3.515265733,0.000439314,0.003127189
AT3G62550,511.2641518,-2.135355954,0.340111845,-6.278393366,3.42E-10,6.90E-09
AT3G62880,11.39832612,-5.87374597,2.06460575,-2.844972203,0.00444153,0.022497518
AT3G62930,57.37085534,-7.39169165,1.333957071,-5.541176558,3.00E-08,4.79E-07
AT3G62950,108.505834,-4.083136066,0.823969316,-4.955446748,7.22E-07,9.42E-06
AT3G63088,14.23761255,-7.335341379,2.58664657,-2.835849885,0.004570392,0.023029034
AT3G63110,191.7702008,-4.32836729,0.660694976,-6.551233851,5.71E-11,1.25E-09
AT3G63120,100.2026358,-2.534127495,0.609889958,-4.155056929,3.25E-05,0.000311577
AT4G00050,56.64626336,-3.655096659,1.137617507,-3.212939884,0.001313838,0.008068615
AT4G00070,10.3587644,-5.999489832,2.081379134,-2.88245891,0.003945846,0.020367295
AT4G00150,361.4923715,-2.539408852,0.450092455,-5.641971612,1.68E-08,2.77E-07
AT4G00690,14.99873002,-7.401239506,2.256981749,-3.279264225,0.001040781,0.006583293
AT4G00980,17.61511505,-5.893435943,1.670110331,-3.528770426,0.000417495,0.002997806
AT4G01440,51.80016758,-3.801639409,0.908322098,-4.185342864,2.85E-05,0.000276798
AT4G01450,256.3763049,-3.12202134,0.422488214,-7.389605759,1.47E-13,4.04E-12
AT4G01580,26.94647959,-8.257311886,1.764005963,-4.680999984,2.85E-06,3.42E-05
AT4G01595,27.50343187,-3.470592039,1.095205775,-3.168894942,0.001530197,0.009152651
AT4G01600,73.73060066,-4.897735804,0.966571991,-5.06711952,4.04E-07,5.49E-06
AT4G01650,52.5103464,-3.332225788,1.135792927,-2.933832136,0.003348052,0.017743547
AT4G01720,19.75383344,-5.275431026,1.525962726,-3.457116571,0.000545989,0.003762688
AT4G01790,34.56778251,-4.433978293,1.181226526,-3.75370701,0.000174239,0.001396229
AT4G01995,70.80693981,-2.90326456,0.960540319,-3.022532737,0.00250669,0.013912561
AT4G02700,23.21597715,-3.972060433,1.352634601,-2.936536172,0.003319001,0.017625791
AT4G03100,58.13696944,-2.865163736,1.08804539,-2.633312692,0.008455646,0.038367344
AT4G03140,77.95584951,-4.47897374,1.204847142,-3.717462227,0.000201234,0.001581083
AT4G03205,136.2576918,-2.676992644,0.699758452,-3.825595297,0.000130456,0.001078156
AT4G03210,586.5932326,-2.810045365,0.427734849,-6.569596502,5.05E-11,1.12E-09
AT4G04200,43.53778051,-3.320921303,1.198662468,-2.770522471,0.005596644,0.027216827
AT4G04880,68.34516402,-7.001707807,1.217034329,-5.753089819,8.76E-09,1.52E-07
AT4G05110,85.52123278,-3.772791226,0.769845157,-4.900714371,9.55E-07,1.22E-05
AT4G05130,65.81002037,-3.694351401,1.15529885,-3.197745241,0.001385066,0.008441972
AT4G05330,86.65613872,-2.626678252,0.740552755,-3.546915781,0.000389769,0.00282998
AT4G09620,82.16699479,-4.2489322,0.930963358,-4.564016579,5.02E-06,5.75E-05
AT4G09890,160.601141,-2.052969766,0.539812964,-3.803113122,0.000142889,0.001168861
AT4G09900,13.54483302,-4.794738377,1.693732279,-2.830871465,0.004642137,0.023335559
AT4G10120,278.449458,-3.191688046,0.548479043,-5.819161349,5.91E-09,1.05E-07
AT4G10330,32.00876148,-4.073255385,1.212219474,-3.360163298,0.000778964,0.005117236
AT4G10890,38.68053489,-3.682454041,1.390418536,-2.64845005,0.00808618,0.036952229
AT4G11550,18.66324936,-7.717048378,2.115129942,-3.64849848,0.000263777,0.002006001
AT4G11950,31.8149222,-7.611785952,1.609855659,-4.728241263,2.26E-06,2.75E-05
AT4G12300,76.27340361,-3.235754637,0.975175193,-3.318126487,0.000906234,0.005851459
AT4G12440,12.72582747,-7.166610767,2.173208917,-3.297709075,0.000974771,0.006237496
AT4G12970,27.18642635,-5.523465649,1.565886057,-3.527373925,0.000419704,0.003009856
AT4G13190,22.4415193,-7.119240647,1.945667033,-3.659023115,0.000253179,0.001936876
AT4G13260,16.33906119,-6.434047484,1.837372814,-3.501764822,0.000462187,0.003267052
AT4G14090,36.35815527,-3.527596795,1.059791506,-3.32857621,0.000872911,0.005659811
AT4G14096,131.0342495,-2.462454792,0.947164177,-2.599818333,0.009327312,0.041529518
AT4G14130,20.6857742,-3.843806583,1.414844058,-2.716770488,0.00659223,0.031137976
AT4G14145,41.34509788,-6.442129935,1.277045598,-5.04455749,4.55E-07,6.16E-06
AT4G14270,132.5064137,-2.040631276,0.6526753,-3.126564275,0.001768618,0.01034408
AT4G14540,135.9152797,-2.541446363,0.535754927,-4.743673341,2.10E-06,2.56E-05
AT4G14820,21.52731263,-7.046131019,1.688796823,-4.172278704,3.02E-05,0.000291395
AT4G14830,109.7476563,-2.692479828,0.869624215,-3.096141738,0.001960566,0.011268212
AT4G14850,26.1675492,-4.631272041,1.598948569,-2.896448411,0.003774127,0.019628315
AT4G14890,279.4453034,-2.45090655,0.429704173,-5.70370665,1.17E-08,1.99E-07
AT4G15670,108.6679974,-10.26437572,1.333705959,-7.696130956,1.40E-14,4.24E-13
AT4G15680,207.9461223,-2.611284054,0.636676439,-4.101430325,4.11E-05,0.000382821
AT4G15690,319.9481252,-2.249133078,0.535061208,-4.203506151,2.63E-05,0.000257304
AT4G15830,67.19306975,-2.812071877,0.900222761,-3.123751142,0.001785614,0.010415059
AT4G15955,35.12590424,-3.153800434,0.956426763,-3.297482419,0.000975558,0.006240458
AT4G16141,163.4247688,-2.478763978,0.461528245,-5.370774174,7.84E-08,1.18E-06
AT4G16442,37.44278469,-4.354255679,1.288163771,-3.380203493,0.000724322,0.004797573
AT4G16447,112.5306063,-3.495161496,1.125966775,-3.104142655,0.001908313,0.011027081
AT4G16510,14.08976255,-5.178717519,1.862029808,-2.781221598,0.005415476,0.026553506
AT4G17790,43.95058593,-3.393632075,1.077980729,-3.14813798,0.001643141,0.009720118
AT4G17810,31.7691776,-7.460720568,1.535373243,-4.859222733,1.18E-06,1.49E-05
AT4G18340,87.67716424,-2.641163581,0.658952863,-4.008122176,6.12E-05,0.000547259
AT4G18380,55.13570101,-2.681580016,0.865470064,-3.098408746,0.001945629,0.011209058
AT4G18550,13.51898162,-6.376345056,1.979219077,-3.221646926,0.001274561,0.007860541
AT4G18580,41.91691034,-2.925234667,1.149649847,-2.544457058,0.010944777,0.047213147
AT4G19400,10.32716108,-6.875269074,2.37620447,-2.893382771,0.003811165,0.019788862
AT4G19430,16.20956647,-7.523210981,2.024299338,-3.716451831,0.00020204,0.001585999
AT4G20140,20.9502866,-4.499677709,1.523396225,-2.953714625,0.003139742,0.016824542
AT4G21300,18.82995585,-5.27195421,1.54141736,-3.420199062,0.000625753,0.004223176
AT4G22570,297.6842138,-3.661329615,0.389659248,-9.396234371,5.66E-21,2.71E-19
AT4G22755,9.141553669,-6.699531893,2.483134727,-2.698013853,0.006975454,0.032611983
AT4G22850,29.10009315,-4.707073957,1.223086601,-3.848520583,0.000118833,0.000993616
AT4G23410,106.228239,-3.003416995,0.675867478,-4.443795704,8.84E-06,9.59E-05
AT4G23490,91.83823225,-3.637620245,1.124529271,-3.234793739,0.001217306,0.007563738
AT4G24050,24.78253655,-6.039061676,1.646398029,-3.668044768,0.000244412,0.001878774
AT4G24480,31.27305383,-3.965961265,1.175137983,-3.374889862,0.000738452,0.004879413
AT4G24780,454.382953,-2.293677669,0.399083405,-5.747364191,9.06E-09,1.57E-07
AT4G24860,13.32422749,-5.468420274,1.89996001,-2.878176512,0.003999813,0.020585132
AT4G24940,65.09515001,-2.155585039,0.777083818,-2.773941483,0.005538164,0.026988044
AT4G25910,100.4267904,-2.735785693,0.962915003,-2.841149724,0.00449512,0.022713816
AT4G26150,10.55312786,-5.746068226,2.104604,-2.730237245,0.006328876,0.030085999
AT4G26660,80.62151832,-2.74096026,0.983544192,-2.786819628,0.00532281,0.026191756
AT4G27350,64.40490493,-2.052990228,0.72148105,-2.84552204,0.004433869,0.02247054
AT4G27460,19.70554117,-6.927113744,1.81158397,-3.823788385,0.000131417,0.00108516
AT4G27650,93.05184389,-2.484145353,0.841355911,-2.952549952,0.003151611,0.016874048
AT4G27730,86.9789735,-2.394018637,0.725428563,-3.300143889,0.000966353,0.006189802
AT4G27760,83.31283181,-2.133519399,0.677167669,-3.150651601,0.001629067,0.009654027
AT4G28070,25.3533027,-4.623670076,1.332741348,-3.469292884,0.00052183,0.003623445
AT4G28270,93.13244326,-3.777393442,0.920447704,-4.103865352,4.06E-05,0.000380007
AT4G28310,30.22280517,-5.699304836,1.439812476,-3.958366059,7.55E-05,0.000658746
AT4G28380,8.860194302,-6.650318398,2.397436687,-2.773928686,0.005538382,0.026988044
AT4G28830,36.73836508,-4.412676861,1.492002222,-2.957553812,0.003100906,0.016648882
AT4G28950,18.40366493,-4.522363858,1.487540263,-3.040162321,0.002364507,0.013234087
AT4G29310,86.53789301,-2.893693994,0.771428102,-3.751087087,0.00017607,0.001407003
AT4G29530,15.76293823,-4.662106852,1.836193195,-2.539006715,0.011116769,0.04781577
AT4G29540,10.08435312,-5.67859806,2.133601889,-2.661507796,0.007779154,0.035804198
AT4G29890,91.45868754,-3.2354672,0.996098447,-3.248139991,0.001161621,0.007247612
AT4G30410,78.40986367,-6.13993742,1.167617946,-5.2585158,1.45E-07,2.11E-06
AT4G30620,157.0350179,-2.96361968,0.590489751,-5.018918064,5.20E-07,6.98E-06
AT4G30980,74.26991389,-2.342173436,0.705972907,-3.317653431,0.00090777,0.005857447
AT4G31240,80.39762363,-3.041474306,1.080831371,-2.814013719,0.004892714,0.024441983
AT4G31360,75.56727316,-2.959741335,0.928035395,-3.189254796,0.001426401,0.008641915
AT4G31840,111.3970111,-2.841997116,0.96469283,-2.946012478,0.003218994,0.017177488
AT4G31910,56.57470887,-2.341140294,0.811860929,-2.883671587,0.003930684,0.020305371
AT4G32295,10.6015802,-6.027721015,2.092047268,-2.881254696,0.003960954,0.020438902
AT4G32360,73.89740167,-2.244720357,0.858429584,-2.614914955,0.008924968,0.040118584
AT4G32970,84.58553582,-2.533353347,0.907783931,-2.790700805,0.005259406,0.025963851
AT4G33170,12.25115528,-5.987732669,2.021945778,-2.961371533,0.003062722,0.016476042
AT4G33960,67.36965392,-3.362853176,1.328024611,-2.53222203,0.01133422,0.048653225
AT4G34090,138.9660941,-2.87750096,0.816327894,-3.52493279,0.00042359,0.003031843
AT4G34138,539.9006109,-2.120910379,0.417444571,-5.080699392,3.76E-07,5.15E-06
AT4G34220,251.2027881,-2.024532208,0.595382062,-3.400391675,0.000672894,0.00448938
AT4G34530,446.621231,-2.252096913,0.5605678,-4.017528141,5.88E-05,0.000529047
AT4G34540,469.1320737,-2.174835486,0.56030194,-3.881541956,0.000103796,0.000876259
AT4G34560,413.207114,-2.092722885,0.424757396,-4.926866261,8.36E-07,1.08E-05
AT4G34580,11.30844529,-5.222318185,1.935090975,-2.698745564,0.006960137,0.032564101
AT4G34760,211.5668216,-7.351015855,0.710422555,-10.34738524,4.30E-25,2.59E-23
AT4G34770,18.68423182,-6.622725949,1.885331106,-3.512765438,0.000443469,0.003153265
AT4G34860,15.73033126,-4.221620597,1.490570744,-2.832217535,0.004622639,0.023255764
AT4G35783,10.74400122,-6.927886103,2.252609668,-3.075493372,0.002101546,0.011978252
AT4G35950,125.0015689,-2.706517153,0.686619298,-3.941801755,8.09E-05,0.000699605
AT4G36170,8.642844192,-6.612203476,2.413922623,-2.73919446,0.006158993,0.029452994
AT4G36240,11.57088925,-7.036577256,2.218788618,-3.171359903,0.00151727,0.009086627
AT4G36540,477.4142083,-2.82936163,0.373552573,-7.574199281,3.61E-14,1.05E-12
AT4G37110,49.23580382,-3.585308338,1.134157054,-3.161209751,0.001571153,0.009356917
AT4G37550,87.68903241,-3.47424503,1.33006984,-2.612077145,0.008999394,0.040415386
AT4G37580,66.82164355,-4.013689101,1.166639158,-3.440386063,0.000580885,0.003959233
AT4G37682,15.03054465,-7.411614466,2.067959997,-3.584022166,0.000338343,0.002503819
AT4G37750,163.4467101,-2.652650148,0.642186328,-4.130654972,3.62E-05,0.000342816
AT4G37810,19.07954492,-7.753501957,1.925159536,-4.027459446,5.64E-05,0.000510468
AT4G38160,199.6594507,-2.199160193,0.844990845,-2.60258464,0.009252397,0.041262777
AT4G38210,8.250321377,-6.548219863,2.543364296,-2.574629153,0.010034761,0.044090762
AT4G38330,13.22960785,-6.087773513,2.054439692,-2.963228143,0.003044308,0.016395313
AT4G38860,58.35172025,-2.709638173,0.91056783,-2.975767519,0.002922563,0.015810426
AT4G39250,157.9935041,-10.80290817,1.37334049,-7.866154279,3.66E-15,1.17E-13
AT4G39620,144.5931196,-2.239242881,0.68039708,-3.291082438,0.000998027,0.006360933
AT4G39770,162.1525295,-3.375898812,0.708346215,-4.765888118,1.88E-06,2.32E-05
AT4G40060,138.6872783,-2.050092935,0.5424094,-3.779604361,0.000157078,0.001274097
AT5G01370,187.9543513,-2.593783592,0.884688224,-2.93186178,0.003369367,0.017816915
AT5G01470,28.89875314,-3.161269336,1.07539584,-2.939633221,0.00328601,0.017496297
AT5G01600,1730.040818,-2.528134514,0.206443462,-12.24613504,1.76E-34,1.78E-32
AT5G01840,10.80901549,-6.936259914,2.290617105,-3.028118448,0.002460816,0.013697452
AT5G01910,23.11720447,-8.029980696,1.787829856,-4.491468062,7.07E-06,7.85E-05
AT5G02030,91.38617144,-2.330607734,0.655008987,-3.558130928,0.000373503,0.00272671
AT5G02080,16.63730229,-6.677478352,1.904552398,-3.506061771,0.00045479,0.003220565
AT5G02260,411.1318563,-2.361364024,0.448788411,-5.261642159,1.43E-07,2.08E-06
AT5G02640,10.16661585,-6.851701995,2.473475887,-2.77007026,0.00560442,0.027247759
AT5G02650,27.28934041,-3.800505965,1.251725806,-3.03621284,0.002395702,0.013390123
AT5G02750,83.96419825,-3.622867832,1.015410452,-3.567885109,0.000359874,0.002639809
AT5G03180,55.08245356,-6.67063989,1.25204123,-5.327811681,9.94E-08,1.48E-06
AT5G03310,21.08648686,-7.896665976,1.948634085,-4.052410885,5.07E-05,0.000461775
AT5G04050,25.04648455,-4.062991938,1.280920219,-3.171932083,0.001514284,0.00907439
AT5G04130,81.12220693,-3.005174321,0.876269249,-3.429510193,0.000604672,0.004093817
AT5G04470,85.53623856,-2.573100436,0.66984284,-3.841349467,0.00012236,0.001020442
AT5G04475,63.71761931,-3.073808435,0.749966756,-4.098592919,4.16E-05,0.000387261
AT5G04700,41.89953379,-5.072359196,1.394321369,-3.637869512,0.000274903,0.002079106
AT5G05130,24.92243663,-5.311158925,1.399985847,-3.793723299,0.000148405,0.001210382
AT5G05800,98.0846036,-2.726744224,0.724438298,-3.763942672,0.000167255,0.001348692
AT5G05830,30.17126301,-4.240447555,1.208293866,-3.509450535,0.000449034,0.003186405
AT5G06100,99.17484651,-2.00813049,0.733856388,-2.736407999,0.006211396,0.029622634
AT5G06265,47.5004579,-4.507858256,0.915895468,-4.921804304,8.57E-07,1.11E-05
AT5G06340,155.4383583,-2.60436884,0.747068627,-3.486117269,0.000490086,0.003439
AT5G06480,23.5951623,-6.978667763,1.741530781,-4.007203226,6.14E-05,0.000548787
AT5G06690,362.5088108,-2.188481007,0.528390868,-4.141784313,3.45E-05,0.000328699
AT5G06790,24.35313245,-8.112189958,1.922835071,-4.218869355,2.46E-05,0.000242276
AT5G06940,18.35798357,-4.373554271,1.64213672,-2.663331389,0.007737118,0.035636286
AT5G08070,17.3431512,-7.616380369,1.926711344,-3.953046933,7.72E-05,0.000671134
AT5G08270,65.9091179,-3.193690089,0.820451678,-3.892599861,9.92E-05,0.000840569
AT5G08320,55.60702018,-3.91514004,1.190953786,-3.287398793,0.001011175,0.006436211
AT5G08350,109.3941291,-2.423821308,0.941462494,-2.574527741,0.010037704,0.044090762
AT5G09225,24.55084233,-6.3955486,1.568980541,-4.07624469,4.58E-05,0.000420706
AT5G09250,53.98991627,-4.447653912,0.969305481,-4.588495576,4.46E-06,5.17E-05
AT5G09820,131.0313682,-2.124877997,0.774966681,-2.74189594,0.006108569,0.029255471
AT5G09990,21.2548644,-7.914807017,1.909184328,-4.145648433,3.39E-05,0.000323524
AT5G09995,47.60764198,-4.815266985,0.946978987,-5.084872052,3.68E-07,5.05E-06
AT5G10080,53.76643874,-2.903326607,1.041418847,-2.787856794,0.005305799,0.026132555
AT5G10460,88.83964267,-2.187857258,0.698980851,-3.130067521,0.001747661,0.010243296
AT5G11070,1119.656944,-2.886494406,0.499697955,-5.776478328,7.63E-09,1.34E-07
AT5G11950,207.8310507,-2.512731278,0.502528522,-5.000176443,5.73E-07,7.63E-06
AT5G12900,102.4907018,-2.320033583,0.565480236,-4.10276688,4.08E-05,0.000381075
AT5G12970,19.00563624,-7.753038059,2.088777277,-3.711759097,0.000205824,0.001613069
AT5G13130,12.88800858,-7.187850683,2.150340854,-3.342656431,0.000829806,0.005417944
AT5G13720,101.1200575,-2.711710137,0.588936299,-4.604420108,4.14E-06,4.83E-05
AT5G13920,13.65498455,-7.273811379,2.068493839,-3.516477179,0.000437314,0.003115257
AT5G14070,27.8811467,-4.620341498,1.513372123,-3.05301084,0.002265578,0.012743377
AT5G14090,98.14102875,-2.459759128,0.899010814,-2.736072905,0.006217725,0.029645472
AT5G14100,46.70571823,-5.908924411,1.310693616,-4.508242306,6.54E-06,7.31E-05
AT5G14350,28.87850318,-7.466501743,1.572794306,-4.747284316,2.06E-06,2.52E-05
AT5G14390,151.5931179,-2.524820129,0.743602172,-3.395391009,0.000685307,0.004561127
AT5G14940,183.3463033,-3.398395432,0.942862949,-3.604336595,0.000312951,0.00233205
AT5G15330,52.06751495,-4.380253001,1.039112702,-4.215378172,2.49E-05,0.000245169
AT5G16000,227.310631,-2.685397683,0.465733273,-5.765956264,8.12E-09,1.42E-07
AT5G16310,44.87863512,-3.334069151,1.01782853,-3.275668793,0.001054121,0.006656733
AT5G16540,102.811706,-2.279981358,0.897807396,-2.539499416,0.011101123,0.047780505
AT5G16570,152.9841911,-2.00226446,0.739385458,-2.708011683,0.006768764,0.031802051
AT5G16590,280.8916155,-2.295090586,0.41161964,-5.575755782,2.46E-08,3.98E-07
AT5G16600,110.4369986,-2.715984244,0.661559863,-4.105424766,4.04E-05,0.000377819
AT5G16610,88.82432239,-3.444665491,1.005739815,-3.425006587,0.000614785,0.004157896
AT5G16650,186.0412731,-2.034432231,0.456040095,-4.461081941,8.15E-06,8.91E-05
AT5G17170,499.1091095,-2.431229424,0.361621058,-6.723141168,1.78E-11,4.10E-10
AT5G17270,66.48522626,-2.319524034,0.800952003,-2.895958842,0.00378002,0.019653652
AT5G17640,117.6571345,-2.298314174,0.775114652,-2.965128022,0.00302557,0.016298956
AT5G18690,138.0344964,-2.553626456,0.744920785,-3.42805102,0.000607931,0.004114437
AT5G18930,155.1350618,-2.099003844,0.700740101,-2.995409911,0.002740762,0.014961485
AT5G19120,411.8501745,-2.481134951,0.501151712,-4.950865959,7.39E-07,9.61E-06
AT5G19151,17.88592082,-5.004092956,1.702936634,-2.93850802,0.003297961,0.017555077
AT5G19160,38.57197868,-5.125069657,1.286480383,-3.983791532,6.78E-05,0.000598571
AT5G19190,212.346982,-2.636109043,0.562231419,-4.688654803,2.75E-06,3.30E-05
AT5G19210,64.28606353,-2.378687871,0.751146738,-3.166741929,0.001541571,0.009209234
AT5G19530,616.9838765,-2.460859039,0.337211515,-7.297672016,2.93E-13,7.81E-12
AT5G20580,89.74562351,-2.132719378,0.749184933,-2.846719526,0.004417226,0.022419613
AT5G20630,1148.519069,-2.222754569,0.361927413,-6.141437445,8.18E-10,1.59E-08
AT5G20885,334.7977315,-2.820924388,0.468702166,-6.018586197,1.76E-09,3.29E-08
AT5G21326,218.0704162,-2.514020593,0.837471885,-3.001916408,0.002682858,0.014707963
AT5G22920,669.4022863,-3.446849351,0.547682484,-6.293517592,3.10E-10,6.30E-09
AT5G22930,69.08630432,-2.951765632,0.936492515,-3.151937238,0.001621911,0.009616613
AT5G23050,1022.750401,-2.598124146,0.423218716,-6.13896325,8.31E-10,1.61E-08
AT5G23360,91.32639113,-4.57970248,1.117923158,-4.096616523,4.19E-05,0.000390391
AT5G23370,24.81209944,-6.047501857,1.620931931,-3.730879589,0.000190812,0.001508939
AT5G23730,23.88347538,-5.780589213,1.730681681,-3.340064944,0.000837588,0.005463197
AT5G23760,292.3294119,-2.120187868,0.504103632,-4.205857157,2.60E-05,0.000254903
AT5G23800,30.86115488,-7.561926403,1.620883492,-4.665311505,3.08E-06,3.67E-05
AT5G23810,125.9723946,-2.413141113,0.569251109,-4.239150483,2.24E-05,0.000223647
AT5G23870,128.6301176,-3.636579642,0.970097124,-3.74867583,0.000177771,0.001418628
AT5G23920,222.4772888,-2.321994928,0.417324158,-5.564007935,2.64E-08,4.24E-07
AT5G24165,360.3001639,-2.269944703,0.381395676,-5.951679177,2.65E-09,4.87E-08
AT5G24570,8.459952528,-6.586125147,2.507287578,-2.626792876,0.008619378,0.038981624
AT5G25190,19.72309332,-6.928520382,1.783820274,-3.884091062,0.000102713,0.000867879
AT5G27320,121.2530329,-2.81624268,0.771165858,-3.651928635,0.000260278,0.00198417
AT5G27360,43.14729778,-3.027268325,1.165779002,-2.596777193,0.009410294,0.041840921
AT5G35080,51.6095102,-2.860941577,1.054576867,-2.712881029,0.006670105,0.031428685
AT5G35220,123.2419546,-3.435975224,0.885785394,-3.879015445,0.00010488,0.000885021
AT5G36170,226.4388519,-2.125360372,0.564503566,-3.765007875,0.000166544,0.001343519
AT5G37260,209.4995305,-3.864379104,0.525098304,-7.359344091,1.85E-13,5.00E-12
AT5G37670,17.5352302,-7.6323394,1.951105143,-3.911803229,9.16E-05,0.000782646
AT5G38430,2919.175857,-2.301501805,0.264483629,-8.701868676,3.26E-18,1.34E-16
AT5G40300,65.50409855,-2.077430153,0.797965398,-2.603408819,0.009230182,0.041209317
AT5G41220,75.26578653,-2.250141242,0.88075448,-2.5547883,0.01062524,0.046146145
AT5G42680,296.9168183,-4.935082991,0.525875079,-9.384515806,6.32E-21,3.02E-19
AT5G42770,26.03508652,-4.107526122,1.277737056,-3.21468811,0.001305863,0.008027868
AT5G42990,154.0117927,-2.363804237,0.87140173,-2.712645793,0.006674841,0.031443305
AT5G43860,8.370660083,-6.565053728,2.448983924,-2.680725531,0.007346274,0.034080763
AT5G43910,15.98205703,-4.476841054,1.736110913,-2.578660741,0.009918414,0.043676421
AT5G44600,35.51397912,-4.541390072,1.505652382,-3.016227468,0.002559412,0.014160264
AT5G44680,1002.364782,-2.262741933,0.275817818,-8.203755464,2.33E-16,8.11E-15
AT5G45040,75.74673547,-2.167475362,0.830938263,-2.608467389,0.009094868,0.040711166
AT5G45660,14.32473157,-4.957222612,1.91649973,-2.586602301,0.009692739,0.042859142
AT5G47370,149.0982498,-3.1686135,1.068185557,-2.966351191,0.003013562,0.016243358
AT5G47800,89.60056195,-2.817180449,0.785934828,-3.584496255,0.000337729,0.002500237
AT5G48220,127.7807546,-3.292123721,0.9339742,-3.524855099,0.000423714,0.003031843
AT5G48360,70.52754641,-2.27657465,0.760134192,-2.994964143,0.002744771,0.014979119
AT5G48545,83.14745632,-2.523364994,0.693101308,-3.640687106,0.000271911,0.002062156
AT5G48730,78.14448181,-3.532451795,0.972894857,-3.630866961,0.000282471,0.002128689
AT5G48870,82.33565003,-2.097120712,0.720352578,-2.911242045,0.00359995,0.018875468
AT5G49665,54.09046026,-4.82274049,1.09991104,-4.384664136,1.16E-05,0.000123328
AT5G50820,75.35354705,-9.734234636,1.437457482,-6.771841782,1.27E-11,2.99E-10
AT5G51350,154.5261946,-2.483041628,0.677607753,-3.664423285,0.000247897,0.001902517
AT5G51750,16.29134953,-7.523186563,2.03856919,-3.690424931,0.00022388,0.001736196
AT5G51810,18.13322856,-6.239483256,1.743011018,-3.579715327,0.000343969,0.002541102
AT5G51850,20.41659333,-4.870066688,1.544946913,-3.152255036,0.001620147,0.009613005
AT5G51970,510.8934042,-2.421812502,0.48874239,-4.95519225,7.23E-07,9.42E-06
AT5G52190,62.8024691,-3.616857373,1.007476183,-3.590017744,0.000330655,0.00245353
AT5G52830,40.03088861,-4.965760266,1.283580452,-3.868678632,0.000109427,0.00092016
AT5G52960,130.7200036,-2.14313879,0.61220208,-3.500704851,0.000464029,0.003277666
AT5G53080,47.22601165,-8.055087543,1.433021944,-5.621049684,1.90E-08,3.10E-07
AT5G53160,553.4108251,-2.639621703,0.408213035,-6.466284701,1.00E-10,2.14E-09
AT5G53880,425.0159257,-2.720899913,0.444584628,-6.120094448,9.35E-10,1.81E-08
AT5G53900,65.99266771,-4.224236445,0.943807608,-4.47573892,7.61E-06,8.39E-05
AT5G54250,117.2054559,-2.319349624,0.846557343,-2.739743082,0.006148723,0.029418498
AT5G54890,37.19165664,-4.113191226,1.119838921,-3.673020422,0.0002397,0.001847718
AT5G55180,66.46505172,-2.834183768,0.965160125,-2.936490739,0.003319487,0.017625791
AT5G55840,18.70877521,-4.410643612,1.662025745,-2.653775746,0.007959671,0.036473202
AT5G55930,70.24578995,-5.121733049,1.113372527,-4.600197082,4.22E-06,4.91E-05
AT5G56580,30.71936822,-4.881563628,1.532683881,-3.184977469,0.001447653,0.008745895
AT5G57100,19.45638892,-6.700782913,1.782359116,-3.759502141,0.000170252,0.001368842
AT5G57685,132.4123659,-2.754214287,0.666413533,-4.132890689,3.58E-05,0.000340048
AT5G58310,11.4107215,-6.144193075,2.081601305,-2.951666614,0.00316064,0.016917685
AT5G59020,70.44322528,-2.685923533,0.924405779,-2.905567656,0.003665876,0.019179336
AT5G59050,59.59621692,-2.245985127,0.811565461,-2.76747254,0.00564928,0.02739793
AT5G59360,77.54352435,-3.372448463,1.114316423,-3.026472907,0.00247425,0.013756315
AT5G59970,115.3454186,-2.365306079,0.648165173,-3.649233526,0.000263024,0.002002644
AT5G60200,176.0084528,-4.229213831,0.875510348,-4.830569779,1.36E-06,1.71E-05
AT5G60970,78.06599544,-3.794626376,1.023225433,-3.708494975,0.000208495,0.001630682
AT5G61412,31.59257858,-7.015737497,1.576364496,-4.45058076,8.56E-06,9.31E-05
AT5G61830,80.17541082,-2.079599718,0.819225487,-2.538494896,0.011133043,0.047864375
AT5G61940,29.6197326,-7.503038985,1.609005417,-4.663153342,3.11E-06,3.71E-05
AT5G62040,32.96627139,-7.472892922,1.708422692,-4.374147545,1.22E-05,0.000128574
AT5G62280,36.86368939,-7.817165301,1.484166933,-5.267039121,1.39E-07,2.02E-06
AT5G63140,18.84002864,-4.381187964,1.551361344,-2.824092518,0.00474147,0.023772807
AT5G63180,55.17776764,-4.087638813,0.89537528,-4.565279947,4.99E-06,5.73E-05
AT5G63500,16.02192948,-5.080374629,1.749586302,-2.903757661,0.003687134,0.019264376
AT5G63530,628.9840006,-2.56279698,0.325210732,-7.880419456,3.26E-15,1.05E-13
AT5G63630,76.92146398,-3.53444156,1.133613585,-3.11785392,0.001821731,0.010593557
AT5G64600,48.82495232,-2.095051796,0.767244496,-2.730618213,0.006321566,0.030073529
AT5G64620,185.3001962,-3.152411419,0.647720004,-4.866935404,1.13E-06,1.43E-05
AT5G64850,72.58388381,-3.248806499,1.233556593,-2.633690678,0.00844624,0.03834274
AT5G65410,37.36220344,-3.744080319,1.256336079,-2.98015824,0.002880995,0.015611879
AT5G65420,38.40301059,-7.278450224,1.475989111,-4.931235717,8.17E-07,1.06E-05
AT5G65450,76.93716577,-4.214733351,0.797435404,-5.285360208,1.25E-07,1.84E-06
AT5G65580,28.31098497,-5.617140717,1.496138371,-3.754425945,0.000173739,0.00139395
AT5G65880,39.10257366,-4.207477157,1.313696327,-3.202777591,0.001361091,0.008308998
AT5G66440,84.06923644,-2.712742756,1.035483079,-2.619784726,0.008798529,0.039661378
AT5G66470,225.3146947,-2.083684804,0.43192094,-4.824227334,1.41E-06,1.76E-05
AT5G66560,124.2581574,-2.21437372,0.538713196,-4.110487244,3.95E-05,0.000371437
AT5G66770,120.7674996,-2.023433413,0.633551164,-3.193796377,0.001404151,0.008533976
AT5G67060,22.64306901,-8.002518113,1.778745104,-4.498968455,6.83E-06,7.60E-05
AT5G67200,67.89641548,-2.822665596,0.934007088,-3.022102971,0.002510251,0.013928313
